{
  "fio version" : "fio-3.1",
  "timestamp" : 1617649882,
  "timestamp_ms" : 1617649882186,
  "time" : "Tue Apr  6 03:11:22 2021",
  "jobs" : [
    {
      "jobname" : "randread-4k",
      "groupid" : 0,
      "error" : 0,
      "eta" : 0,
      "elapsed" : 61,
      "job options" : {
        "name" : "randread-4k",
        "rw" : "randread",
        "iodepth" : "1",
        "ioengine" : "libaio",
        "direct" : "1",
        "bs" : "4k",
        "size" : "1G",
        "runtime" : "60",
        "filename" : "fileok"
      },
      "read" : {
        "io_bytes" : 209887232,
        "io_kbytes" : 204968,
        "bw" : 3415,
        "iops" : 853.919477,
        "runtime" : 60008,
        "total_ios" : 51242,
        "short_ios" : 0,
        "drop_ios" : 0,
        "slat_ns" : {
          "min" : 6835,
          "max" : 7721442,
          "mean" : 18967.051384,
          "stddev" : 35951.992147
        },
        "clat_ns" : {
          "min" : 25715,
          "max" : 122099286,
          "mean" : 1144020.832345,
          "stddev" : 2842427.066893,
          "percentile" : {
            "1.000000" : 68096,
            "5.000000" : 309248,
            "10.000000" : 378880,
            "20.000000" : 448512,
            "30.000000" : 505856,
            "40.000000" : 561152,
            "50.000000" : 618496,
            "60.000000" : 684032,
            "70.000000" : 749568,
            "80.000000" : 839680,
            "90.000000" : 1019904,
            "95.000000" : 4046848,
            "99.000000" : 16449536,
            "99.500000" : 21889024,
            "99.900000" : 25821184,
            "99.950000" : 43253760,
            "99.990000" : 63700992,
            "0.00" : 0,
            "0.00" : 0,
            "0.00" : 0
          }
        },
        "lat_ns" : {
          "min" : 52444,
          "max" : 122121545,
          "mean" : 1164697.844912,
          "stddev" : 2842830.737194
        },
        "bw_min" : 840,
        "bw_max" : 5784,
        "bw_agg" : 100.000000,
        "bw_mean" : 3416.208333,
        "bw_dev" : 747.936184,
        "bw_samples" : 120,
        "iops_min" : 210,
        "iops_max" : 1446,
        "iops_mean" : 854.025000,
        "iops_stddev" : 186.994696,
        "iops_samples" : 120
      },
      "write" : {
        "io_bytes" : 0,
        "io_kbytes" : 0,
        "bw" : 0,
        "iops" : 0.000000,
        "runtime" : 0,
        "total_ios" : 0,
        "short_ios" : 0,
        "drop_ios" : 0,
        "slat_ns" : {
          "min" : 0,
          "max" : 0,
          "mean" : 0.000000,
          "stddev" : 0.000000
        },
        "clat_ns" : {
          "min" : 0,
          "max" : 0,
          "mean" : 0.000000,
          "stddev" : 0.000000,
          "percentile" : {
            "1.000000" : 0,
            "5.000000" : 0,
            "10.000000" : 0,
            "20.000000" : 0,
            "30.000000" : 0,
            "40.000000" : 0,
            "50.000000" : 0,
            "60.000000" : 0,
            "70.000000" : 0,
            "80.000000" : 0,
            "90.000000" : 0,
            "95.000000" : 0,
            "99.000000" : 0,
            "99.500000" : 0,
            "99.900000" : 0,
            "99.950000" : 0,
            "99.990000" : 0,
            "0.00" : 0,
            "0.00" : 0,
            "0.00" : 0
          }
        },
        "lat_ns" : {
          "min" : 0,
          "max" : 0,
          "mean" : 0.000000,
          "stddev" : 0.000000
        },
        "bw_min" : 0,
        "bw_max" : 0,
        "bw_agg" : 0.000000,
        "bw_mean" : 0.000000,
        "bw_dev" : 0.000000,
        "bw_samples" : 0,
        "iops_min" : 0,
        "iops_max" : 0,
        "iops_mean" : 0.000000,
        "iops_stddev" : 0.000000,
        "iops_samples" : 0
      },
      "trim" : {
        "io_bytes" : 0,
        "io_kbytes" : 0,
        "bw" : 0,
        "iops" : 0.000000,
        "runtime" : 0,
        "total_ios" : 0,
        "short_ios" : 0,
        "drop_ios" : 0,
        "slat_ns" : {
          "min" : 0,
          "max" : 0,
          "mean" : 0.000000,
          "stddev" : 0.000000
        },
        "clat_ns" : {
          "min" : 0,
          "max" : 0,
          "mean" : 0.000000,
          "stddev" : 0.000000,
          "percentile" : {
            "1.000000" : 0,
            "5.000000" : 0,
            "10.000000" : 0,
            "20.000000" : 0,
            "30.000000" : 0,
            "40.000000" : 0,
            "50.000000" : 0,
            "60.000000" : 0,
            "70.000000" : 0,
            "80.000000" : 0,
            "90.000000" : 0,
            "95.000000" : 0,
            "99.000000" : 0,
            "99.500000" : 0,
            "99.900000" : 0,
            "99.950000" : 0,
            "99.990000" : 0,
            "0.00" : 0,
            "0.00" : 0,
            "0.00" : 0
          }
        },
        "lat_ns" : {
          "min" : 0,
          "max" : 0,
          "mean" : 0.000000,
          "stddev" : 0.000000
        },
        "bw_min" : 0,
        "bw_max" : 0,
        "bw_agg" : 0.000000,
        "bw_mean" : 0.000000,
        "bw_dev" : 0.000000,
        "bw_samples" : 0,
        "iops_min" : 0,
        "iops_max" : 0,
        "iops_mean" : 0.000000,
        "iops_stddev" : 0.000000,
        "iops_samples" : 0
      },
      "usr_cpu" : 0.793241,
      "sys_cpu" : 2.718016,
      "ctx" : 51245,
      "majf" : 0,
      "minf" : 4,
      "iodepth_level" : {
        "1" : 100.000000,
        "2" : 0.000000,
        "4" : 0.000000,
        "8" : 0.000000,
        "16" : 0.000000,
        "32" : 0.000000,
        ">=64" : 0.000000
      },
      "latency_ns" : {
        "2" : 0.000000,
        "4" : 0.000000,
        "10" : 0.000000,
        "20" : 0.000000,
        "50" : 0.000000,
        "100" : 0.000000,
        "250" : 0.000000,
        "500" : 0.000000,
        "750" : 0.000000,
        "1000" : 0.000000
      },
      "latency_us" : {
        "2" : 0.000000,
        "4" : 0.000000,
        "10" : 0.000000,
        "20" : 0.000000,
        "50" : 0.074158,
        "100" : 2.054955,
        "250" : 1.231412,
        "500" : 25.648882,
        "750" : 40.620975,
        "1000" : 19.887983
      },
      "latency_ms" : {
        "2" : 3.551774,
        "4" : 1.855899,
        "10" : 3.508840,
        "20" : 0.870380,
        "50" : 0.657664,
        "100" : 0.035127,
        "250" : 0.010000,
        "500" : 0.000000,
        "750" : 0.000000,
        "1000" : 0.000000,
        "2000" : 0.000000,
        ">=2000" : 0.000000
      },
      "latency_depth" : 1,
      "latency_target" : 0,
      "latency_percentile" : 100.000000,
      "latency_window" : 0
    }
  ],
  "disk_util" : [
    {
      "name" : "vdb",
      "read_ios" : 51203,
      "write_ios" : 12,
      "read_merges" : 0,
      "write_merges" : 10,
      "read_ticks" : 58507,
      "write_ticks" : 2,
      "in_queue" : 58517,
      "util" : 97.596571
    }
  ]
}
